epoch,val_acc,train_acc,val_loss,train_loss
0,0.984,0.996468510888758,0.10090185658779229,0.007655587712505653
